<?xml version="1.0" encoding="UTF-8"?>

<channel name="xfce4-panel" version="1.0">
  <property name="panels" type="uint" value="2">
    <property name="panel-0" type="empty">
      <property name="position" type="string" value="p=6;x=0;y=0"/>
      <property name="length" type="uint" value="100"/>
      <property name="position-locked" type="bool" value="true"/>
      <property name="plugin-ids" type="array">
        <value type="int" value="1"/>
        <value type="int" value="2"/>
        <value type="int" value="3"/>
        <value type="int" value="4"/>
        <value type="int" value="5"/>
        <value type="int" value="6"/>
      </property>
      <property name="background-style" type="uint" value="1"/>
      <property name="background-color" type="array">
        <value type="uint" value="0"/>
        <value type="uint" value="17438"/>
        <value type="uint" value="16893"/>
        <value type="uint" value="65535"/>
      </property>
      <property name="background-alpha" type="uint" value="42"/>
      <property name="leave-opacity" type="uint" value="85"/>
    </property>
    <property name="panel-1" type="empty">
      <property name="position" type="string" value="p=10;x=0;y=0"/>
      <property name="size" type="uint" value="40"/>
      <property name="position-locked" type="bool" value="true"/>
      <property name="plugin-ids" type="array">
        <value type="int" value="7"/>
        <value type="int" value="8"/>
        <value type="int" value="9"/>
        <value type="int" value="10"/>
        <value type="int" value="11"/>
        <value type="int" value="12"/>
        <value type="int" value="13"/>
        <value type="int" value="14"/>
      </property>
      <property name="autohide" type="bool" value="true"/>
      <property name="length" type="uint" value="23"/>
      <property name="background-style" type="uint" value="1"/>
      <property name="background-color" type="array">
        <value type="uint" value="499"/>
        <value type="uint" value="11646"/>
        <value type="uint" value="11298"/>
        <value type="uint" value="65535"/>
      </property>
      <property name="background-alpha" type="uint" value="52"/>
      <property name="leave-opacity" type="uint" value="57"/>
      <property name="enter-opacity" type="uint" value="86"/>
    </property>
  </property>
  <property name="plugins" type="empty">
    <property name="plugin-1" type="string" value="applicationsmenu">
      <property name="button-title" type="string" value="Menu"/>
      <property name="button-icon" type="string" value="emblem-debian"/>
      <property name="show-tooltips" type="bool" value="true"/>
      <property name="custom-menu" type="bool" value="false"/>
    </property>
    <property name="plugin-2" type="string" value="actions"/>
    <property name="plugin-3" type="string" value="tasklist">
      <property name="flat-buttons" type="bool" value="false"/>
      <property name="show-handle" type="bool" value="true"/>
      <property name="rotate-vertically" type="bool" value="true"/>
    </property>
    <property name="plugin-4" type="string" value="pager"/>
    <property name="plugin-5" type="string" value="clock"/>
    <property name="plugin-6" type="string" value="systray">
      <property name="names-visible" type="array">
        <value type="string" value="applet networkmanager"/>
        <value type="string" value="wicd-client.py"/>
      </property>
    </property>
    <property name="plugin-7" type="string" value="showdesktop"/>
    <property name="plugin-8" type="string" value="separator">
      <property name="style" type="uint" value="1"/>
    </property>
    <property name="plugin-9" type="string" value="launcher">
      <property name="items" type="array">
        <value type="string" value="13992975441.desktop"/>
      </property>
    </property>
    <property name="plugin-10" type="string" value="launcher">
      <property name="items" type="array">
        <value type="string" value="13992975462.desktop"/>
      </property>
    </property>
    <property name="plugin-11" type="string" value="launcher">
      <property name="items" type="array">
        <value type="string" value="13992975473.desktop"/>
      </property>
    </property>
    <property name="plugin-12" type="string" value="launcher">
      <property name="items" type="array">
        <value type="string" value="13992975484.desktop"/>
      </property>
    </property>
    <property name="plugin-13" type="string" value="separator">
      <property name="style" type="uint" value="1"/>
    </property>
    <property name="plugin-14" type="string" value="directorymenu">
      <property name="base-directory" type="string" value="/home/eclipse"/>
    </property>
  </property>
</channel>
