<?xml version="1.0"?>
<!DOCTYPE wallpapers SYSTEM "mate-wp-list.dtd">
<wallpapers>
  <wallpaper deleted="false">
    <name>mask smog</name>
    <filename>/usr/share/backgrounds/mask-smog.jpg</filename>
    <options>zoom</options>
    <shade_type>solid</shade_type>
    <pcolor>rgb(44,0,30)</pcolor>
    <scolor>rgb(44,0,30)</scolor>
    <artist>(none)</artist>
  </wallpaper>
  <wallpaper deleted="false">
    <name>parrot splash</name>
    <filename>/usr/share/backgrounds/parrot-splash.jpg</filename>
    <options>zoom</options>
    <shade_type>solid</shade_type>
    <pcolor>rgb(44,0,30)</pcolor>
    <scolor>rgb(44,0,30)</scolor>
    <artist>(none)</artist>
  </wallpaper>
  <wallpaper deleted="false">
    <name>No Desktop Background</name>
    <filename>(none)</filename>
    <options>wallpaper</options>
    <shade_type>solid</shade_type>
    <pcolor>rgb(44,0,30)</pcolor>
    <scolor>rgb(44,0,30)</scolor>
    <artist>(none)</artist>
  </wallpaper>
  <wallpaper deleted="false">
    <name>nefelibata</name>
    <filename>/usr/share/backgrounds/nefelibata.jpg</filename>
    <options>zoom</options>
    <shade_type>solid</shade_type>
    <pcolor>rgb(44,0,30)</pcolor>
    <scolor>rgb(44,0,30)</scolor>
    <artist>(none)</artist>
  </wallpaper>
  <wallpaper deleted="false">
    <name>wp2445242-monopoly-wallpapers.jpg</name>
    <filename>/home/user/Downloads/wp2445242-monopoly-wallpapers.jpg</filename>
    <options>zoom</options>
    <shade_type>solid</shade_type>
    <pcolor>rgb(44,0,30)</pcolor>
    <scolor>rgb(44,0,30)</scolor>
    <artist>(none)</artist>
  </wallpaper>
  <wallpaper deleted="false">
    <name>50-509338_wallpaper-grim-reaper-silhouette-mantle-dark-art-grim.jpeg</name>
    <filename>/tmp/VirtualBox Dropped Files/2021-05-28T19:48:10.278092000Z/50-509338_wallpaper-grim-reaper-silhouette-mantle-dark-art-grim.jpeg</filename>
    <options>zoom</options>
    <shade_type>solid</shade_type>
    <pcolor>rgb(44,0,30)</pcolor>
    <scolor>rgb(44,0,30)</scolor>
    <artist/>
  </wallpaper>
  <wallpaper deleted="false">
    <name>Grid Lock</name>
    <filename>/usr/share/backgrounds/grid-lock.jpg</filename>
    <options>zoom</options>
    <shade_type>solid</shade_type>
    <pcolor>rgb(44,0,30)</pcolor>
    <scolor>rgb(44,0,30)</scolor>
    <artist>(none)</artist>
  </wallpaper>
  <wallpaper deleted="false">
    <name>splash2</name>
    <filename>/usr/share/backgrounds/splash2.jpg</filename>
    <options>zoom</options>
    <shade_type>solid</shade_type>
    <pcolor>rgb(44,0,30)</pcolor>
    <scolor>rgb(44,0,30)</scolor>
    <artist>(none)</artist>
  </wallpaper>
  <wallpaper deleted="false">
    <name>parrot fly grey</name>
    <filename>/usr/share/backgrounds/parrot-fly-grey.jpg</filename>
    <options>zoom</options>
    <shade_type>solid</shade_type>
    <pcolor>rgb(44,0,30)</pcolor>
    <scolor>rgb(44,0,30)</scolor>
    <artist>(none)</artist>
  </wallpaper>
  <wallpaper deleted="false">
    <name>macaw-poly 2</name>
    <filename>/usr/share/backgrounds/macaw-poly2.jpg</filename>
    <options>zoom</options>
    <shade_type>solid</shade_type>
    <pcolor>rgb(44,0,30)</pcolor>
    <scolor>rgb(44,0,30)</scolor>
    <artist>(none)</artist>
  </wallpaper>
  <wallpaper deleted="false">
    <name>toxic2</name>
    <filename>/usr/share/backgrounds/toxic2.jpg</filename>
    <options>zoom</options>
    <shade_type>solid</shade_type>
    <pcolor>rgb(44,0,30)</pcolor>
    <scolor>rgb(44,0,30)</scolor>
    <artist>(none)</artist>
  </wallpaper>
  <wallpaper deleted="false">
    <name>Grid Parrot</name>
    <filename>/usr/share/backgrounds/grid-parrot.jpg</filename>
    <options>zoom</options>
    <shade_type>solid</shade_type>
    <pcolor>rgb(44,0,30)</pcolor>
    <scolor>rgb(44,0,30)</scolor>
    <artist>(none)</artist>
  </wallpaper>
  <wallpaper deleted="false">
    <name>outerspace3D</name>
    <filename>/usr/share/backgrounds/outerspace3D.jpg</filename>
    <options>zoom</options>
    <shade_type>solid</shade_type>
    <pcolor>rgb(44,0,30)</pcolor>
    <scolor>rgb(44,0,30)</scolor>
    <artist>(none)</artist>
  </wallpaper>
  <wallpaper deleted="false">
    <name>security-strategy</name>
    <filename>/usr/share/backgrounds/security-strategy.jpg</filename>
    <options>zoom</options>
    <shade_type>solid</shade_type>
    <pcolor>rgb(44,0,30)</pcolor>
    <scolor>rgb(44,0,30)</scolor>
    <artist>(none)</artist>
  </wallpaper>
  <wallpaper deleted="false">
    <name>outerspaceEarth</name>
    <filename>/usr/share/backgrounds/outerspaceEarth.jpg</filename>
    <options>zoom</options>
    <shade_type>solid</shade_type>
    <pcolor>rgb(44,0,30)</pcolor>
    <scolor>rgb(44,0,30)</scolor>
    <artist>(none)</artist>
  </wallpaper>
  <wallpaper deleted="false">
    <name>Grid</name>
    <filename>/usr/share/backgrounds/grid.jpg</filename>
    <options>zoom</options>
    <shade_type>solid</shade_type>
    <pcolor>rgb(44,0,30)</pcolor>
    <scolor>rgb(44,0,30)</scolor>
    <artist>(none)</artist>
  </wallpaper>
  <wallpaper deleted="false">
    <name>outerspaceHands</name>
    <filename>/usr/share/backgrounds/outerspaceHands.jpg</filename>
    <options>zoom</options>
    <shade_type>solid</shade_type>
    <pcolor>rgb(44,0,30)</pcolor>
    <scolor>rgb(44,0,30)</scolor>
    <artist>(none)</artist>
  </wallpaper>
  <wallpaper deleted="false">
    <name>default</name>
    <filename>/usr/share/backgrounds/default.jpg</filename>
    <options>zoom</options>
    <shade_type>solid</shade_type>
    <pcolor>rgb(44,0,30)</pcolor>
    <scolor>rgb(44,0,30)</scolor>
    <artist>(none)</artist>
  </wallpaper>
  <wallpaper deleted="false">
    <name>macaw</name>
    <filename>/usr/share/backgrounds/macaw.jpg</filename>
    <options>zoom</options>
    <shade_type>solid</shade_type>
    <pcolor>rgb(44,0,30)</pcolor>
    <scolor>rgb(44,0,30)</scolor>
    <artist>(none)</artist>
  </wallpaper>
  <wallpaper deleted="false">
    <name>macaw vaporwave</name>
    <filename>/usr/share/backgrounds/macaw-vaporwave.jpg</filename>
    <options>zoom</options>
    <shade_type>solid</shade_type>
    <pcolor>rgb(44,0,30)</pcolor>
    <scolor>rgb(44,0,30)</scolor>
    <artist>(none)</artist>
  </wallpaper>
  <wallpaper deleted="false">
    <name>Spectral Horizon</name>
    <filename>/usr/share/backgrounds/SpectralHorizon.jpg</filename>
    <options>zoom</options>
    <shade_type>solid</shade_type>
    <pcolor>rgb(44,0,30)</pcolor>
    <scolor>rgb(44,0,30)</scolor>
    <artist>(none)</artist>
  </wallpaper>
  <wallpaper deleted="false">
    <name>Mystic Horizon</name>
    <filename>/usr/share/backgrounds/MysticHorizon.jpg</filename>
    <options>zoom</options>
    <shade_type>solid</shade_type>
    <pcolor>rgb(44,0,30)</pcolor>
    <scolor>rgb(44,0,30)</scolor>
    <artist>(none)</artist>
  </wallpaper>
  <wallpaper deleted="false">
    <name>sub urban</name>
    <filename>/usr/share/backgrounds/sub-urban.jpg</filename>
    <options>zoom</options>
    <shade_type>solid</shade_type>
    <pcolor>rgb(44,0,30)</pcolor>
    <scolor>rgb(44,0,30)</scolor>
    <artist>(none)</artist>
  </wallpaper>
  <wallpaper deleted="false">
    <name>macaw-poly</name>
    <filename>/usr/share/backgrounds/macaw-poly.jpg</filename>
    <options>zoom</options>
    <shade_type>solid</shade_type>
    <pcolor>rgb(44,0,30)</pcolor>
    <scolor>rgb(44,0,30)</scolor>
    <artist>(none)</artist>
  </wallpaper>
  <wallpaper deleted="false">
    <name>toxic</name>
    <filename>/usr/share/backgrounds/toxic.jpg</filename>
    <options>zoom</options>
    <shade_type>solid</shade_type>
    <pcolor>rgb(44,0,30)</pcolor>
    <scolor>rgb(44,0,30)</scolor>
    <artist>(none)</artist>
  </wallpaper>
  <wallpaper deleted="false">
    <name>Cosmos</name>
    <filename>/usr/share/backgrounds/cosmos/background-1.xml</filename>
    <options>zoom</options>
    <shade_type>solid</shade_type>
    <pcolor>rgb(44,0,30)</pcolor>
    <scolor>rgb(44,0,30)</scolor>
    <artist>(none)</artist>
  </wallpaper>
  <wallpaper deleted="false">
    <name>space1</name>
    <filename>/usr/share/backgrounds/space.jpg</filename>
    <options>zoom</options>
    <shade_type>solid</shade_type>
    <pcolor>rgb(44,0,30)</pcolor>
    <scolor>rgb(44,0,30)</scolor>
    <artist>(none)</artist>
  </wallpaper>
</wallpapers>
